{
  "count": 2,
  "value": [
    {
      "id": 2295,
      "rev": 3,
      "fields": {
        "System.AreaPath": "WVD Guidance",
        "System.TeamProject": "WVD Guidance",
        "System.IterationPath": "WVD Guidance",
        "System.WorkItemType": "User Story",
        "System.State": "New",
        "System.Reason": "New",
        "System.CreatedDate": "2020-10-21T17:28:37.657Z",
        "System.CreatedBy": "Ricardo Martins <ricmart@microsoft.com>",
        "System.ChangedDate": "2020-10-23T17:54:19.293Z",
        "System.ChangedBy": "Ricardo Martins <ricmart@microsoft.com>",
        "System.Title": "02 - WVD Deployment Guidance",
        "Microsoft.VSTS.Scheduling.Effort": 0.0,
        "System.Description": null,
        "System.AssignedTo": null,
        "Microsoft.VSTS.Scheduling.RemainingWork": 0.0,
        "Microsoft.VSTS.Common.Priority": 2.0,
        "System.BoardLane": null,
        "System.Tags": null,
        "Microsoft.VSTS.TCM.Steps": null,
        "Microsoft.VSTS.TCM.Parameters": null,
        "Microsoft.VSTS.TCM.LocalDataSource": null,
        "Microsoft.VSTS.TCM.AutomationStatus": null,
        "System.History": null
      },
      "relations": [
        {
          "rel": "System.LinkTypes.Hierarchy-Forward",
          "url": "https://dev.azure.com/ricmart/_apis/wit/workItems/2308",
          "attributes": {
            "isLocked": "false",
            "name": "Child"
          }
        },
        {
          "rel": "System.LinkTypes.Hierarchy-Forward",
          "url": "https://dev.azure.com/ricmart/_apis/wit/workItems/2779",
          "attributes": {
            "isLocked": "false",
            "name": "Child"
          }
        },
        {
          "rel": "System.LinkTypes.Hierarchy-Forward",
          "url": "https://dev.azure.com/ricmart/_apis/wit/workItems/2324",
          "attributes": {
            "isLocked": "false",
            "name": "Child"
          }
        },
        {
          "rel": "System.LinkTypes.Hierarchy-Forward",
          "url": "https://dev.azure.com/ricmart/_apis/wit/workItems/2315",
          "attributes": {
            "isLocked": "false",
            "name": "Child"
          }
        },
        {
          "rel": "System.LinkTypes.Hierarchy-Forward",
          "url": "https://dev.azure.com/ricmart/_apis/wit/workItems/2316",
          "attributes": {
            "isLocked": "false",
            "name": "Child"
          }
        },
        {
          "rel": "System.LinkTypes.Hierarchy-Forward",
          "url": "https://dev.azure.com/ricmart/_apis/wit/workItems/2306",
          "attributes": {
            "isLocked": "false",
            "name": "Child"
          }
        },
        {
          "rel": "System.LinkTypes.Hierarchy-Forward",
          "url": "https://dev.azure.com/ricmart/_apis/wit/workItems/2317",
          "attributes": {
            "isLocked": "false",
            "name": "Child"
          }
        },
        {
          "rel": "System.LinkTypes.Hierarchy-Forward",
          "url": "https://dev.azure.com/ricmart/_apis/wit/workItems/2321",
          "attributes": {
            "isLocked": "false",
            "name": "Child"
          }
        },
        {
          "rel": "System.LinkTypes.Hierarchy-Forward",
          "url": "https://dev.azure.com/ricmart/_apis/wit/workItems/2313",
          "attributes": {
            "isLocked": "false",
            "name": "Child"
          }
        },
        {
          "rel": "System.LinkTypes.Hierarchy-Forward",
          "url": "https://dev.azure.com/ricmart/_apis/wit/workItems/2322",
          "attributes": {
            "isLocked": "false",
            "name": "Child"
          }
        },
        {
          "rel": "System.LinkTypes.Hierarchy-Forward",
          "url": "https://dev.azure.com/ricmart/_apis/wit/workItems/2326",
          "attributes": {
            "isLocked": "false",
            "name": "Child"
          }
        },
        {
          "rel": "System.LinkTypes.Hierarchy-Forward",
          "url": "https://dev.azure.com/ricmart/_apis/wit/workItems/2314",
          "attributes": {
            "isLocked": "false",
            "name": "Child"
          }
        },
        {
          "rel": "System.LinkTypes.Hierarchy-Forward",
          "url": "https://dev.azure.com/ricmart/_apis/wit/workItems/2319",
          "attributes": {
            "isLocked": "false",
            "name": "Child"
          }
        },
        {
          "rel": "System.LinkTypes.Hierarchy-Forward",
          "url": "https://dev.azure.com/ricmart/_apis/wit/workItems/2323",
          "attributes": {
            "isLocked": "false",
            "name": "Child"
          }
        },
        {
          "rel": "System.LinkTypes.Hierarchy-Forward",
          "url": "https://dev.azure.com/ricmart/_apis/wit/workItems/2312",
          "attributes": {
            "isLocked": "false",
            "name": "Child"
          }
        },
        {
          "rel": "System.LinkTypes.Hierarchy-Forward",
          "url": "https://dev.azure.com/ricmart/_apis/wit/workItems/2320",
          "attributes": {
            "isLocked": "false",
            "name": "Child"
          }
        },
        {
          "rel": "System.LinkTypes.Hierarchy-Forward",
          "url": "https://dev.azure.com/ricmart/_apis/wit/workItems/2318",
          "attributes": {
            "isLocked": "false",
            "name": "Child"
          }
        },
        {
          "rel": "System.LinkTypes.Hierarchy-Forward",
          "url": "https://dev.azure.com/ricmart/_apis/wit/workItems/2305",
          "attributes": {
            "isLocked": "false",
            "name": "Child"
          }
        },
        {
          "rel": "System.LinkTypes.Hierarchy-Forward",
          "url": "https://dev.azure.com/ricmart/_apis/wit/workItems/2309",
          "attributes": {
            "isLocked": "false",
            "name": "Child"
          }
        },
        {
          "rel": "System.LinkTypes.Hierarchy-Forward",
          "url": "https://dev.azure.com/ricmart/_apis/wit/workItems/2310",
          "attributes": {
            "isLocked": "false",
            "name": "Child"
          }
        },
        {
          "rel": "System.LinkTypes.Hierarchy-Forward",
          "url": "https://dev.azure.com/ricmart/_apis/wit/workItems/2325",
          "attributes": {
            "isLocked": "false",
            "name": "Child"
          }
        },
        {
          "rel": "System.LinkTypes.Hierarchy-Forward",
          "url": "https://dev.azure.com/ricmart/_apis/wit/workItems/2307",
          "attributes": {
            "isLocked": "false",
            "name": "Child"
          }
        },
        {
          "rel": "System.LinkTypes.Hierarchy-Forward",
          "url": "https://dev.azure.com/ricmart/_apis/wit/workItems/2311",
          "attributes": {
            "isLocked": "false",
            "name": "Child"
          }
        }
      ],
      "url": "https://dev.azure.com/ricmart/_apis/wit/workItems/2295"
    },
    {
      "id": 2294,
      "rev": 4,
      "fields": {
        "System.AreaPath": "WVD Guidance",
        "System.TeamProject": "WVD Guidance",
        "System.IterationPath": "WVD Guidance",
        "System.WorkItemType": "User Story",
        "System.State": "New",
        "System.Reason": "New",
        "System.CreatedDate": "2020-10-21T17:28:18.513Z",
        "System.CreatedBy": "Ricardo Martins <ricmart@microsoft.com>",
        "System.ChangedDate": "2020-10-23T17:54:19.293Z",
        "System.ChangedBy": "Ricardo Martins <ricmart@microsoft.com>",
        "System.Title": "01 - WVD Architecture Guidance",
        "Microsoft.VSTS.Scheduling.Effort": 0.0,
        "System.Description": null,
        "System.AssignedTo": null,
        "Microsoft.VSTS.Scheduling.RemainingWork": 0.0,
        "Microsoft.VSTS.Common.Priority": 2.0,
        "System.BoardLane": null,
        "System.Tags": null,
        "Microsoft.VSTS.TCM.Steps": null,
        "Microsoft.VSTS.TCM.Parameters": null,
        "Microsoft.VSTS.TCM.LocalDataSource": null,
        "Microsoft.VSTS.TCM.AutomationStatus": null,
        "System.History": null
      },
      "relations": [
        {
          "rel": "System.LinkTypes.Hierarchy-Forward",
          "url": "https://dev.azure.com/ricmart/_apis/wit/workItems/2300",
          "attributes": {
            "isLocked": "false",
            "name": "Child"
          }
        },
        {
          "rel": "System.LinkTypes.Hierarchy-Forward",
          "url": "https://dev.azure.com/ricmart/_apis/wit/workItems/2301",
          "attributes": {
            "isLocked": "false",
            "name": "Child"
          }
        },
        {
          "rel": "System.LinkTypes.Hierarchy-Forward",
          "url": "https://dev.azure.com/ricmart/_apis/wit/workItems/2298",
          "attributes": {
            "isLocked": "false",
            "name": "Child"
          }
        },
        {
          "rel": "System.LinkTypes.Hierarchy-Forward",
          "url": "https://dev.azure.com/ricmart/_apis/wit/workItems/2297",
          "attributes": {
            "isLocked": "false",
            "name": "Child"
          }
        },
        {
          "rel": "System.LinkTypes.Hierarchy-Forward",
          "url": "https://dev.azure.com/ricmart/_apis/wit/workItems/2304",
          "attributes": {
            "isLocked": "false",
            "name": "Child"
          }
        },
        {
          "rel": "System.LinkTypes.Hierarchy-Forward",
          "url": "https://dev.azure.com/ricmart/_apis/wit/workItems/2296",
          "attributes": {
            "isLocked": "false",
            "name": "Child"
          }
        },
        {
          "rel": "System.LinkTypes.Hierarchy-Forward",
          "url": "https://dev.azure.com/ricmart/_apis/wit/workItems/2302",
          "attributes": {
            "isLocked": "false",
            "name": "Child"
          }
        },
        {
          "rel": "System.LinkTypes.Hierarchy-Forward",
          "url": "https://dev.azure.com/ricmart/_apis/wit/workItems/2299",
          "attributes": {
            "isLocked": "false",
            "name": "Child"
          }
        },
        {
          "rel": "System.LinkTypes.Hierarchy-Forward",
          "url": "https://dev.azure.com/ricmart/_apis/wit/workItems/2303",
          "attributes": {
            "isLocked": "false",
            "name": "Child"
          }
        }
      ],
      "url": "https://dev.azure.com/ricmart/_apis/wit/workItems/2294"
    }
  ],
  "HttpStatusCode": 0,
  "Message": null
}